id,name,skill,email
101,Vennila,java,vennilamec@gmail.com
102,Venni,java,email.com
103,Vithya,kalai,kali@gmail.com
104,Raja,java,raja@gmail.com
105,Shanthi,pearl,shanthi@gmail.com
106,Velu,C,velu@gmail.com
107,Vetrivel,Chemistry,vetrivelvsv99@gmail.com
108,Guna,"java,python",guna@gmail.com
114,Vennilamec@gmail.com,java,venniyammal
